{
  "kind": "collectionType",
  "collectionName": "menus",
  "info": {
    "singularName": "menu",
    "pluralName": "menus",
    "displayName": "locationMenu",
    "description": ""
  },
  "options": {
    "draftAndPublish": true
  },
  "pluginOptions": {},
  "attributes": {
    "menuTitle": {
      "type": "string"
    },
    "subMenu": {
      "displayName": "SubMenu",
      "type": "component",
      "repeatable": true,
      "component": "shared.sub-menu"
    },
    "menuUrl": {
      "type": "string"
    }
  }
}
