{
  "kind": "singleType",
  "collectionName": "abouts",
  "info": {
    "singularName": "about",
    "pluralName": "abouts",
    "displayName": "About"
  },
  "options": {
    "draftAndPublish": true
  },
  "pluginOptions": {},
  "attributes": {
    "AboutTitle": {
      "type": "string"
    },
    "AboutBanner": {
      "allowedTypes": [
        "images",
        "files",
        "videos",
        "audios"
      ],
      "type": "media",
      "multiple": false
    },
    "AboutSeo": {
      "type": "component",
      "repeatable": false,
      "component": "shared.seo"
    }
  }
}
