{
  "kind": "collectionType",
  "collectionName": "suffolk_county_services",
  "info": {
    "singularName": "suffolk-county-service",
    "pluralName": "suffolk-county-services",
    "displayName": "SuffolkCountyService",
    "description": ""
  },
  "options": {
    "draftAndPublish": true
  },
  "pluginOptions": {},
  "attributes": {
    "serviceTitle": {
      "type": "string"
    },
    "service": {
      "type": "component",
      "repeatable": false,
      "component": "shared.section-detail"
    },
    "whatToExpactDetail": {
      "type": "component",
      "repeatable": false,
      "component": "shared.section"
    },
    "whatToExpact": {
      "type": "component",
      "repeatable": true,
      "component": "shared.section-detail"
    },
    "whatIsService": {
      "type": "component",
      "repeatable": false,
      "component": "shared.section-detail"
    },
    "whyUsDetail": {
      "type": "component",
      "repeatable": false,
      "component": "shared.section"
    },
    "whyUs": {
      "type": "component",
      "repeatable": true,
      "component": "shared.section-detail"
    },
    "isThisTreatment": {
      "type": "component",
      "repeatable": false,
      "component": "shared.section-detail"
    },
    "comePrepared": {
      "type": "component",
      "repeatable": false,
      "component": "shared.section-detail"
    },
    "doctor": {
      "type": "component",
      "repeatable": true,
      "component": "shared.section-detail"
    },
    "FAQ": {
      "type": "component",
      "repeatable": true,
      "component": "shared.section-detail"
    },
    "doctorsDetail": {
      "type": "component",
      "repeatable": false,
      "component": "shared.section"
    },
    "featuredImage": {
      "allowedTypes": [
        "images",
        "files",
        "videos",
        "audios"
      ],
      "type": "media",
      "multiple": true
    }
  }
}
