{
  "collectionName": "components_shared_section_details",
  "info": {
    "displayName": "SectionDetail",
    "description": ""
  },
  "options": {},
  "attributes": {
    "title": {
      "type": "string"
    },
    "subTitle": {
      "type": "string"
    },
    "shortDescription": {
      "type": "text"
    },
    "description": {
      "type": "richtext"
    },
    "featuredImage": {
      "type": "media",
      "multiple": false,
      "required": false,
      "allowedTypes": [
        "images",
        "files",
        "videos",
        "audios"
      ]
    },
    "buttonName": {
      "type": "string"
    },
    "buttonUrl": {
      "type": "string"
    }
  }
}
