{
  "kind": "collectionType",
  "collectionName": "locations",
  "info": {
    "singularName": "location",
    "pluralName": "locations",
    "displayName": "Location",
    "description": ""
  },
  "options": {
    "draftAndPublish": true
  },
  "pluginOptions": {},
  "attributes": {
    "locationTitle": {
      "type": "string"
    },
    "location": {
      "type": "component",
      "repeatable": false,
      "component": "shared.section-detail"
    },
    "specialDetail": {
      "type": "component",
      "repeatable": false,
      "component": "shared.section"
    },
    "special": {
      "type": "component",
      "repeatable": true,
      "component": "shared.section-detail"
    },
    "service": {
      "type": "component",
      "repeatable": false,
      "component": "shared.section"
    },
    "nationalDental": {
      "type": "component",
      "repeatable": false,
      "component": "shared.section-detail"
    },
    "whyUsDetail": {
      "type": "component",
      "repeatable": false,
      "component": "shared.section"
    },
    "whyUs": {
      "type": "component",
      "repeatable": true,
      "component": "shared.section-detail"
    },
    "emergencyCare": {
      "type": "component",
      "repeatable": false,
      "component": "shared.section-detail"
    },
    "ourTeamDetail": {
      "type": "component",
      "repeatable": false,
      "component": "shared.section"
    },
    "ourTeam": {
      "type": "component",
      "repeatable": true,
      "component": "shared.section-detail"
    },
    "direction": {
      "type": "component",
      "repeatable": false,
      "component": "shared.section-detail"
    },
    "FAQ": {
      "type": "component",
      "repeatable": true,
      "component": "shared.section-detail"
    },
    "insight": {
      "type": "component",
      "repeatable": false,
      "component": "shared.section"
    },
    "featuredImage": {
      "allowedTypes": [
        "images",
        "files",
        "videos",
        "audios"
      ],
      "type": "media",
      "multiple": false
    }
  }
}
